{
  "project": "Vision-Cast-DMX",
  "version": "1.3.0",
  "build_date": "2025-08-25 19:10:30",
  "includes_firmware": true,
  "includes_web": true,
  "files": [
    "index.html minificado (33329 bytes, -1680 bytes, -4%)"
,
    "setup.html minificado (4062 bytes, -73 bytes, -1%)",
    "scenes.html minificado (82213 bytes, -10898 bytes, -11%)",
    "scenes-play.html minificado (44822 bytes, -2974 bytes, -6%)",
    "moving.html minificado (165181 bytes, -16743 bytes, -9%)",
    "timeline.html minificado (46947 bytes, -4575 bytes, -8%)",
    "update.html minificado (27556 bytes, -1322 bytes, -4%)",
    "manifest.webmanifest (363 bytes)",
    "favicon.png (43245 bytes)",
    "app-config.js sem comentários (673 bytes, -135 bytes, -16%)",
    "db.js sem comentários (2803 bytes, -1289 bytes, -31%)",
    "message.js sem comentários (2537 bytes, -12 bytes, -0%)",
    "sw.js sem comentários (1391 bytes, -110 bytes, -7%)"
  ]
}
