{
  "project": "Vision-Cast-DMX",
  "version": "1.2.5",
  "build_date": "2025-08-23 18:32:16",
  "includes_firmware": true,
  "includes_web": true,
  "files": [
    "firmware.bin (380512 bytes)"
,
    "index.html minificado (23447 bytes, -7653 bytes, -24%)",
    "setup.html minificado (2711 bytes, -598 bytes, -18%)",
    "scenes.html minificado (8248 bytes, -4079 bytes, -33%)",
    "scenes-play.html minificado (6727 bytes, -2990 bytes, -30%)",
    "update.html minificado (21075 bytes, -6967 bytes, -24%)",
    "favicon.png (43245 bytes)",
    "db.js (803 bytes)",
    "message.js (2549 bytes)",
    "scenes.js (21813 bytes)"
  ]
}
