{
  "project": "Vision-Cast-DMX",
  "version": "1.4.0",
  "build_date": "2025-09-02 22:18:31",
  "includes_firmware": true,
  "includes_web": true,
  "files": [
    "firmware.bin (380096 bytes)"
,
    "index.html minificado (23814 bytes, -21872 bytes, -47%)",
    "setup.html minificado (3148 bytes, -987 bytes, -23%)",
    "scenes.html minificado (54252 bytes, -49005 bytes, -47%)",
    "scenes-play.html minificado (31245 bytes, -30676 bytes, -49%)",
    "moving.html minificado (119487 bytes, -113116 bytes, -48%)",
    "timeline.html minificado (37336 bytes, -36997 bytes, -49%)",
    "update.html minificado (17065 bytes, -11813 bytes, -40%)",
    "manifest.webmanifest (363 bytes)",
    "favicon.png (43245 bytes)",
    "app-config.js ofuscado (7881 bytes, --5765 bytes, --272%)",
    "db.js ofuscado (6288 bytes, --2196 bytes, --53%)",
    "message.js ofuscado (25796 bytes, --16686 bytes, --183%)",
    "sw.js ofuscado (5105 bytes, --3604 bytes, --240%)",
    "api.js ofuscado (13783 bytes, --8962 bytes, --185%)",
    "slider.js ofuscado (22043 bytes, --14861 bytes, --206%)",
    "index.html minificado (23856 bytes, -21830 bytes, -47%)",
    "setup.html minificado (3190 bytes, -945 bytes, -22%)",
    "scenes.html minificado (54406 bytes, -48851 bytes, -47%)",
    "scenes-play.html minificado (31318 bytes, -30603 bytes, -49%)",
    "moving.html minificado (119560 bytes, -113043 bytes, -48%)",
    "timeline.html minificado (37378 bytes, -36955 bytes, -49%)",
    "update.html minificado (17098 bytes, -11780 bytes, -40%)",
    "manifest.webmanifest (363 bytes)",
    "favicon.png (43245 bytes)"
  ]
}
